---
layout: null
lang: cn
---
<?xml version="1.0" encoding="UTF-8"?>
<rss version="2.0" xmlns:atom="http://www.w3.org/2005/Atom">
  <channel>
    <title>{{ site.data.language[page.lang].sitename | xml_escape }}</title>
    <description>{{ site.data[page.lang].sitesubname | xml_escape }}</description>
    <link>{{ site.url }}{{ site.baseurl }}/</link>
    <atom:link href="{{ "/feed.xml" | prepend: site.baseurl | prepend: site.url }}" rel="self" type="application/rss+xml"/>
    <pubDate>{{ site.time | date_to_rfc822 }}</pubDate>
    <lastBuildDate>{{ site.time | date_to_rfc822 }}</lastBuildDate>
    <generator>Jekyll v{{ jekyll.version }}</generator>
    {% for post in site.posts limit:10 %}
      <item>
        <title>{{ post.title | xml_escape }}</title>
        <description>{{ post.description | xml_escape }}</description>
        <pubDate>{{ post.date | date_to_rfc822 }}</pubDate>
        {% if post.lastdate %}<lastBuildDate>{{ post.lastdate | date_to_rfc822 }}</lastBuildDate>{% endif %}
        <link>{{ post.url | prepend: site.baseurl | prepend: site.url }}</link>
        <guid isPermaLink="true">{{ post.url | prepend: site.baseurl | prepend: site.url }}</guid>
        {% if post.tags %}
         <tag>{% for tag in post.tags %}{{ tag | xml_escape }}{% unless forloop.last %},{% endunless %}{% endfor %}</tag>
        {% endif %}
         {% if post.categories %}
         {% for cat in post.categories %}
         <category>{{ cat | xml_escape }}</category>
         {% endfor %}
        {% endif %}
      </item>
    {% endfor %}
  </channel>
</rss>
